query_param,article_name,article_source,article_url,article_img_src
science & technology,Scientists confirm time travel is possible and that people have already done it,LADbible,https://news.google.com/read/CBMimgFBVV95cUxQMVUxTmhsWURRdVVTTnRzS3Utai1fbGdTSWZrU1dDMTlBdmZfbnMxLUxiTUE0b0lEYVZQZFFMNUJBVFRiNUdwYTZlNWxOX3hZNHNpcU1fbnJYRlpBUjktRnFIdFBZVTdfUFFmNHp0MDJacDljcWljaVFZOUdYUHNmM1FsWUJrVFBOMU9OLUpEUklRVER6SFJzeUJ3?hl=en-IN&gl=IN&ceid=IN%3Aen,https://news.google.com/api/attachments/CC8iJ0NnNUpPVEZmU2xZMk5VeGpjM1ZwVFJDZkF4ampCU2dLTWdPcGRoWQ=-w200-h112-p-df-rw
science & technology,Baffling Scientists: Galactic Spin Mystery Challenges Big Bang Assumptions,SciTechDaily,https://news.google.com/read/CBMioAFBVV95cUxQQ1o3eWQ0X1FuRmJLczk3NWNkV2F1YzkyWEloTlZ3NVdkMmUyUi1MbVFvbHROdnA4eGJwTmNnUXNwcUV6a0pub0lNa2ZqUkJtUm5OdXhuM0NqTk5ZOVVNeWNKZTlDQ0VZbTR0a0ttdk1kcVRKQWo2LTFFUTljZ0hJdE5fdzljWFpQRDl1V0RBX2FPQVFEcEx2UU5UaUVfYVBF?hl=en-IN&gl=IN&ceid=IN%3Aen,https://news.google.com/api/attachments/CC8iK0NnNVNhM0pLVVhJeWExcEZiRmcxVFJERUF4aW1CU2dLTWdhZGM1S01MUWM=-w200-h112-p-df-rw
science & technology,Science shines in Dantewada,The New Indian Express,https://news.google.com/read/CBMilAFBVV95cUxQbnN3RjVNSEdET2FVM0pZLXlyTUhNODhQLUVhTlpiNEJUNEpoYnQ5TVFwaDdtNUlfb1k3eFZJdjlUWUxxZEdTNjZwcFhZMVZxbGVLTTB5WXNldHU4cG1uYk1tazNqTnhXOWZsWU51RktQcHloaFFRek9VNEJoX08zeXJpQ3AweW1YTDlVQTg5SnZBZzZa0gGiAUFVX3lxTE5tRFBZLWVmWmxTUG43OC1JeTF1TURwalRVVUR4dDdrQ2diZGNuVHJncmtEbnpCRThLc3k1dXc1ZmYyX2xvWVhvRWVoWEFtOGFheXRub3h5VXJTNmYxeXAwNU0zOVpFYkVSMElYSW1YNHhRV1paX21ObTlCeFU2WWlKaGRlOE1RZ3VMU0lfTjBGeHVIQmo1QlVnQldKakFqU09wZw?hl=en-IN&gl=IN&ceid=IN%3Aen,https://news.google.com/api/attachments/CC8iL0NnNW9hbEZvUVhOVU1ubzBZWFJTVFJEaEF4ai1CQ2dLTWdrQm9JYVhRQ2FpY0FF=-w200-h112-p-df-rw
science & technology,Penguin Eggs Turn Transparent When Boiled? What Science Says,NDTV,https://news.google.com/read/CBMitAFBVV95cUxONTFOSGYwV2FOeXhSUkJBYWEtdkc3Tmd2UEpiRV9MbkRjUXFzSWtWVHRuWDFUYkdHazlrVGNHYXAxQmpVX3U2LVpWRWJHYy13a1FCRjBuQ1ZjUFBub1VvRnhHbU1obGJvdS1RRGxSUnF1MUlxMndseHN1aDBod0N5REhqWUZmVXZWV2ZobENGV280S1RqTzU3UTVSSFBRNFVzUDgtcU9mOVZFS1BDYnJoRk1jTXXSAbwBQVVfeXFMUG9PQVRpLXpXUmlmbEM3X0MwemEwclpibTAzSkdaSmxiRnQ2ak9hQmFPWmpiQmdMX3V5cU5HSzRpcXZ1QXJmV0xFcm5RUVZ0clc1Qm9ZZ0dLQTl3aDRrSjNNcUplUllPaElVVTRnX1pjVndpTnRYSFFEbVhuLWZ5XzZUZ1B4WkNaSjlnMFBNTTJIWGdQSW0wcEE5MGdBYXBpU2p0RnYtcTBlT3E0WEdsVHZHWHdYQzVyMUZEWU8?hl=en-IN&gl=IN&ceid=IN%3Aen,https://news.google.com/api/attachments/CC8iI0NnNUdWR1ZITlROTmVVbHJka1J4VFJDeUF4akNCU2dLTWdB=-w200-h112-p-df-rw
science & technology,Science and Society- Learnings from Vedas,Daily Excelsior,https://news.google.com/read/CBMifEFVX3lxTFBWRk9selFEblNjeXJKaUdKVGhqUDZubXE4TjB6dmxBaERDWXBZTUJKTVRMUVlmdTFxSnQwOGxIN3lqMkRBbWxwTXRoYjFCNWN6bU1sR2pjcmZNaVhpVzBmN19mZkNXSUhIWEd5SjZyT09SR2xYd3YwaFM2OHE?hl=en-IN&gl=IN&ceid=IN%3Aen,https://news.google.com/api/attachments/CC8iK0NnNVJNRGgyYW5OVE56RkZRamxQVFJEUkF4aVVCU2dLTWdhaEJJU3RHUVk=-w200-h112-p-df-rw
science & technology,Use science & tech to find solutions to problems: Conrad to students,The Times of India,https://news.google.com/read/CBMi2AFBVV95cUxPVWNhYms0alFDb1BYekpUMC12TUtSRkplM2RlNG50Vk50MGI5S09naXpkemVuLW1tTFRTM0NHX281MVkyTm1TQ1VzZlFDNHExSkloVV9ua2RiS19IaFZDOFZ4S0xBODJkeTNqaXYtUWdZa3dNcGlORVFkWTJ3OW1aNWp2UEZtRTNMSy1MZFNJZzBicDAtSm0wWEZCWXhlVzZsXzlKcmNHY3lwYzRZZEVWUGJlZHpDaTVicGJtbGJPMEplUEYtd1R0aEltOV9CbTNPS2QtNVI5OGHSAd4BQVVfeXFMTl9XbVJLSDMtTmFxcXV1S0RjN1VpQTFKUmdwaEk0dm11Q2JTRThMNU41N2VxejAtVS1pbTNDYmhqNXlLeTRycHJYMXgxcDhDdFBZQTlKOTFPYzQ1ZW5fMF8xYTBwYlJrMFhBZERRUl94b1luS19rSThwNHptUWlMZTBTa2Jrdl9SV0VaZlY0Sm85UThHektPN1EwSTFMQlZydHRkdEdvOXY2RTJxNFZ3NWNIR2EycHAxczJGT1ZRdldBM09rWTZvaUFSY0M4MGYwakFSbXJYYXNzSEFRMlF3?hl=en-IN&gl=IN&ceid=IN%3Aen,https://news.google.com/api/attachments/CC8iL0NnNTJXVEpYYjB4NWRHNUVORXQyVFJDZkF4ampCU2dLTWdtZFU0cU1wYVNpYndF=-w200-h112-p-df-rw
science & technology,‘Sacred science revealed’: Why barefoot walking in temples rewires your energy system,Business Today,https://news.google.com/read/CBMi4gFBVV95cUxQRXZZdFRweHlVUTA2d05sYjFvcXp4ZWxveVBQbXFzVmQ2cU5WcUpsQjd0aFB6dzBNczF3RklVTzI2VVhjZjNMeDBJXzhtdEc3Y3piUmZJa1BvR0ZuVzJVOXBycnY2U2ZZdFNvOWRxRUw1VHRPbVQ0SjNwdjZtVTdXUjNGWnB4RGRob2Q3U2lDSUxqMkFtZGdGR0ltVmJHM3BWMDhHNHBQbzE1LUlDMzByMG9wTDUyR0ZRYVIyd2poSTZGQ3ZLekpHZGl4WGZzLVEtZkxHT2swNS1lVXQ3VWxNa01R0gHiAUFVX3lxTFBFdll0VHB4eVVRMDZ3TmxiMW9xenhlbG95UFBtcXNWZDZxTlZxSmxCN3RoUHp3ME1zMXdGSVVPMjZVWGNmM0x4MElfOG10RzdjemJSZklrUG9HRm5XMlU5cHJydjZTZll0U285ZHFFTDVUdE9tVDRKM3B2Nm1VN1dSM0ZacHhEZGhvZDdTaUNJTGoyQW1kZ0ZHSW1WYkczcFYwOEc0cFBvMTUtSUMzMHIwb3BMNTJHRlFhUjJ3amhJNkZDdkt6SkdkaXhYZnMtUS1mTEdPazA1LWVVdDdVbE1rTVE?hl=en-IN&gl=IN&ceid=IN%3Aen,https://news.google.com/api/attachments/CC8iK0NnNHhkbGw0YTI5T1lqZzJTMWR1VFJDQUJSamdBeWdLTWdhZEJJb3F1Z1E=-w200-h112-p-df-rw
science & technology,Aditya Nigam and Hilal Ahmad win Ramchandra Khan Social Science Award,The Hindu,https://news.google.com/read/CBMizwFBVV95cUxOS3pBYVZkdE9wZWdYVEJISVBYZmpuZ0Z2djRoZ0ZfeC1UVFROSmE1MUwtWXZJVUFINWVDbWFxZWV6LV9TVWpMS0Y5bnZiLUdlSldaZnU4eDZ3TVZDRXJkY3ZHWllHQVA0YTZxcUpJMHlMbzl3UVN5bFcxVlhUYmtjSFNrSDVaRUFldmUxVHNhN1c4RjlTZFotMFJieVNLRXlNU1BJSTR5VXB6TllEUzlJbElWNkwyY1dsc3NCYkZyRU1ZMHR1U0ZCRHJmSUdGTW_SAdYBQVVfeXFMTTVxOWkyRERPQTFveXYxSXZGN2JjcmlxT1JRdmNzd0s2UWRfOTNWdU13MXJraDU3X3Q5Rmw2TnB5eU1aNXFnTTd6UkROSG92bmZlc3l2WGFlOEVyQTcyZlZzWHN5V3RHOHNZQklrSko1Y1dvelc0TU82QkNQTDVMc1hkS25GcEt2RDNFVzFocjVvX3REWXJxQWN6ZW1UYUpXUEpBLUtjMXV2NkJSY2VzVFdhbm5mNGRjREgyd19kVzBDOWJTMXkxM05LeVF1bnl5ZjZuZHNPUQ?hl=en-IN&gl=IN&ceid=IN%3Aen,https://news.google.com/api/attachments/CC8iK0NnNUxjMll5TjBOVFpUQjRNSEZ4VFJDcUJCaXFCQ2dLTWdhTmtwQUlOUVk=-w200-h112-p-df-rw
science & technology,Southern Ocean is mysteriously cooling as scientists make a surprise discovery,India Today,https://news.google.com/read/CBMi0wFBVV95cUxQc1NHNGlVTTdPa3N0MFQ5NGJ2bnFET0Z0dy1FeURCdTdaQzdHZWRscmgyODVrTFpWNGdRcG1JMUNUU2dyVnhfRWlzSTA2dF95STJSbHo2b3UzQWhsX19hamV1c05nRFNSSHp0WUFvZTgxUm1mY2lZellYZnVUa05Cbld3a3Z1ZVhIc0RjRkYteVVuSXJ1czR4X0VGcFJESF9fTzJCRUZmLWlMQ3I3UzZScnpwTF9SRHREZVVOR092N3NVZEREM1hLMkxlZzBWRGxUekNn0gHYAUFVX3lxTFBDVEFEeDRLenExelFhcmROR18tNkZ5ek1pdUdWbzMwVVVVMUs1S284MzBrX1JDWVlGUHVJakFvYTBaRWJMXzg0ZDZ3Q3Rrd29SYXJpSUhhSXpsVXJPdFRwWVp5eUoxUldOV1VxdUY2UWtQVnliSUVxT09xdXhoRGpfVDVna1Z1T3l6V3V0TkU0bzlocV9wVWIxYURldjVzVUdOSzRpZUlHOWV0SVgwc0gteW5nWWNEUjJsdVoyNC1WdERsTzdqT3JKbW1aYno5UzEwWG16WUtndA?hl=en-IN&gl=IN&ceid=IN%3Aen,https://news.google.com/api/attachments/CC8iJ0NnNXhhRmQ0U1RoblNFOU1WSEZvVFJDZkF4ampCU2dLTWdNQk13NA=-w200-h112-p-df-rw
science & technology,"CBSE Class 12 Syllabus Released 2025-26 (Arts, Commerce, Science): Download PDFs",Jagran Josh,https://news.google.com/read/CBMixwFBVV95cUxOb1BCR05BM2M4dy0wc19XTzlubVR2RklYbDl3TVBGVE9hYjdjX2Ewby1xSU5RTUQtLU1qRTNEcVhmV3RsY1RlRTFVWnJpcHExei1yMUw4MktscXZnUnIwUzBLYjF4aFJKT3JJOHhfYnpDQi1VNTBWVGpia2ZJXzkxTXpzcmlnOGRDV1BjUjhVNExobmtBazVOMjIzT2szeDBnVXVGUkJRa0JfbzZWeFMzMEtRZlJOX1ZDNU5zNWJGQjJHRGo4bkg0?hl=en-IN&gl=IN&ceid=IN%3Aen,https://news.google.com/api/attachments/CC8iL0NnNUJVM2wwYVcxUlExOWlWVEJGVFJDZkF4ampCU2dLTWdrRk1ZN1FtT1hJelFF=-w200-h112-p-df-rw
environment & nature,"Before rolling out Green Credits, MoEF sidestepped Law queries",The Indian Express,https://news.google.com/read/CBMirwFBVV95cUxPRUJWTTh4T3BkV00xQ05LUkFkTWh4aktUWDFmYmhBd3hMVFFad1g4bkVVTmRCeUVBT0dBVVhSU3V3ZmlPRHFtY3BPLUc5MmY1dDdfWVZrUElMU3cxWDl4T2VKWkFHejN4amNPaEptRERNTnBNRWpsRVRDb0JUdWV0STFwMXQ0RWFycnIyanE5dDQ3UlJGeXJ1WEZ2NVBpclpoZEsyQkxvQ3pNRUVvTklj0gG2AUFVX3lxTE9xUHVtVDYxODdFSk5WRnZkZHN2QUFYRWgxZ1BxVUYzTVoxZXozcU1hRTRlVHNXOUw2R0RwMjZ5bldUUWpQUEE0Y3NnREV0aDFKRzJ5MnBHaXAwczZEYkFGYU5UQkpXMEltWnlJSUhRdmNKQ2xDN0FtWl9sQ0k2VGNkSkMwTEVlMjZEbm80SEJ1YTluQnRGVjIxbmpGS3c0S1FKaWlrenVuN2ota0dxbjBQaDZsSUJn?hl=en-IN&gl=IN&ceid=IN%3Aen,https://news.google.com/api/attachments/CC8iK0NnNWtORFpwTmt4eWQyUjFUVmxrVFJDZkF4ampCU2dLTWdZZFVvYnR6UU0=-w200-h112-p-df-rw
environment & nature,"'Unprofessional, hostile environment': SRH threaten to move out of Hyderabad, franchise alleges ‘intimidation, coercion’",Hindustan Times,https://news.google.com/read/CBMiggJBVV95cUxNZzVkMVJLQjZxYlV6bU5LSDJBRUpPM2hYOUNQd19KbXNkZklRc29fTDNFLTdHaTJBTjd5dkVkbGlrdkRzNHdfOGVCVGVxdWhyZ0JycmJmek9tMkt2V1hINWQxajd6SEdzMmdweFJwUmctQ18zTDhmYzNXVG5JdUJDNzI3NkJ3cUNJXzJMQ1ZhaEN6Y3F6eUNaVkVfVEJrOXFiX05MTDUyMzFuWHlXU0o2VThfcGdoS2xXYnFmdE9nNGc0SnRxR2M0d1RDQ1FOZ2ttVV9EMjF6TXZ5OVk3X3pUX3ZBLXQ5cUo3ZkJrdldqcTZmcHNTVkFXMTJldkxseTI4TEHSAYcCQVVfeXFMUFB0SFZ5dm9JU2V3X0lkeC1tNzhjVWJnRUxtR2RNcWdoRUhYcGp1UnVWR2ctTnpqdjBzSWtiNi1MTG1STUNjRE1laFJWbVIwWW94TUVWdmdzdzVZc2JhbzJWZnh3cjF2QlVhMlJRSHFyclR2d2Y4RWgzLTFLQnFHXzNzazhBeU44MmNKUVRfZjA0OERuUURZZzUxeGxDMTZTR2lzVkVVRTFBMjBQZ0F5SGJDbFRjdl9PdDdUdm5mcmtveVRPWTlIdEozWTNuaHJSNEs5VTg3RlYxSHpUN1hqYjBCTnRLNDhNSVdnM3U3WGt6NEw2MVRhOGtOTUhnVmVNVkVoS2pqYVU?hl=en-IN&gl=IN&ceid=IN%3Aen,https://news.google.com/api/attachments/CC8iL0NnNURaMUk1UzIxMFlWbDNhQzFtVFJDZkF4ampCU2dLTWdtQlVKQWpINmsxS3dJ=-w200-h112-p-df-rw
environment & nature,"Large caps best bet in VUCA environment, says Future Generali India Life’s Niraj Kumar",Mint,https://news.google.com/read/CBMi_wFBVV95cUxQR2ZhRTV2NEVJVl94NENacTI2NDl1WWVXZVdhUUNhTUFSMHVFZGZtSWVyQm9CV3RNQzNIdno3OUFFWk9FUGFkdEhWMnE5TXBFTW53dnkxVEtqeUkxWUF0ZlpqalA2b0hEM1NyNWxJNmpISlk5aXBuXzZFM3NVNV9lUE1VVzZVcjB0M1ZYY09HWmxDU3BERFVNOU82OE5kUGt0d2FlaHBsTFY4QkM0ZXp0eHZBVUI4Qk5NQTRGeUNpb2xtSUVwTGxtQTBlZkJFc3B5X19tZ1d1QUdNT1RheTdrOVBudklNb2ZiQ2xVelRXUmV0aURVLTBaRFZrNFBsNmfSAYQCQVVfeXFMUFVWMnNoMm1HNjg1TE40dVUxZUw5V1hNVnZCZ05nVy0teXlxTkdSRkNscFhCSE1yQ05jLVQwejNKMXhXWmQ2X2tQUDhUWFhScUdCTENoWUVoSEJ5VFQ3dHJBZ1pxcTNMSmM2cktwaUJRRUhTWjJDSkF5blZCdG5pNGM2cTNIb3pZZWF3TWhJUlRNdFZGdlB3ZHpTdFpwNTBPT2Y5Q0J4eWF2ODhpUUhQYmZ3VEhxY3dPR1YyNkNaYXVJWHJRcExIOUVHbjRWR2pzQS1YYkZ5OGd2dkF2OWVxenNnSlVjZG91bWdyNWlZYjIyNk9tb2IyTFVjeVhDYkxrUkVJNXU?hl=en-IN&gl=IN&ceid=IN%3Aen,https://news.google.com/api/attachments/CC8iK0NnNWtaME52Y1daV01UZEtSRWRVVFJDZkF4ampCU2dLTWdhdFJZN09JUWc=-w200-h112-p-df-rw
environment & nature,"Hon’ble President of India, Smt. Droupadi Murmu to Inaugurate NGT’s National Conference on Environment – 2025 in New Delhi Tomorrow",PIB,https://news.google.com/read/CBMiY0FVX3lxTE44T21wekY1T1ZDVzE5TlFRbWRhOUlQNEdLcEs3ZlU3akJINE9LaEJ0dGkwWFlqakhLYW9FUFJWcFNCOUZ0SWRBdDliVEUzOGdzd1Bpck96cEl4b0h1MDFyZTBaQQ?hl=en-IN&gl=IN&ceid=IN%3Aen,https://news.google.com/api/attachments/CC8iK0NnNUhPR3cxVDNSb1IyaDNSVGgwVFJDdEFoamFCQ2dLTWdZQkZKSWlqd3M=-w200-h112-p-df-rw
environment & nature,The Swedish city fined for missing an environmental target,BBC.com,https://news.google.com/read/CBMiWkFVX3lxTFBwTzhVdjI1RkM3X1ZuVTlLNTRSYVFNWW0zUUpqOHgxd3lKTGwwdE1tLWc5QWxxT2ZoQ3FMN0dwa0R5MUh4N2tSTVBLVmlDSUFPVDVkVmZvSjNsd9IBX0FVX3lxTE01ZWxJTXZUTDF0TjJ6UTRmbmJ3MnprMXJzRmtiMEV6NUkxbHNiR0MyczVBQ1pETTNkODNGQ0lEdjJ3YUhfRUdiaUhzMkdlM1J6c3pjNlYyY1FyWjJuM3Rv?hl=en-IN&gl=IN&ceid=IN%3Aen,https://news.google.com/api/attachments/CC8iK0NnNUNjVEJOWVRSclgwbGFSMnBoVFJDZkF4ampCU2dLTWdZQkNJV2xVZ00=-w200-h112-p-df-rw
environment & nature,‘India’s DNA carries vaccine against ecological collapse’: VP Dhankhar warns against ‘reckless exploitation of natural resources’,The Times of India,https://news.google.com/read/CBMimwJBVV95cUxOMU5GZ1dnS0pCWmJyY2hxQ2FQZ1BDV1ZFMHZVbnFiQVJrUzF5R1laS1dfN1M0RjI0QmZqNVVQYlpIN2lKUi1rVzFGT3gxOE5lRlBfcThmRDRxTThpcHVfM2dMakJsTUJhZzdPcThudVd4V0tRZ2xnYUNzbk1zX2s2Q3dvcWI3NTRaaW52NEwyNnpERHFYYWx5QnpseVdUWXdKaXpoTnRPOEZSZzdpb3pnQVNkMTMxeTFBY21hZV9neS1kZV9CekpSRnhRaWhGYmp3Qm1ieHpMZEdyaUVNVVh3RnZ6VWI2MFVhMktqOXF5MTRhZmtZRXhwSkZIanRUT3RWQ2prcDhMWmdMb29talR5VkhqbUJ6Tk5BVTZj?hl=en-IN&gl=IN&ceid=IN%3Aen,https://news.google.com/api/attachments/CC8iK0NnNWtiRE5wV0RoMFdVRmpUbVp0VFJEaEFSaVFBeWdLTWdheGRJS1BMUWM=-w200-h112-p-df-rw
environment & nature,China’s Politburo discussed environmental protection work in meeting on Monday,ThePrint,https://news.google.com/read/CBMiugFBVV95cUxNMjR6ZnluQXMwdnB0SFBhMTFFWVZEQXdKWmRSQ05aYjVhbWx4OWJKOHlnRWRNLUZ5aVg2ZElhTDZlQzJTSkRRNV9kY19ublpGNEJhSks4NnVTbDhQV21lOGxKOGpHWWJERVR1NG9YOGxmSVp1VjcwM0ZreFVEOHEwZzlFM0xncVN6amRmVFNDQmE0cnZWdE5KVHEtWlZtSlJXVmdUN0pRajBGb0ZPdHp5blZBZGh2cEdXd0HSAb8BQVVfeXFMUFExLXRWMmxRTm5iS18zSUlGSWZacUdneTA4aWNfTE9qYVE4V3dRajhoczJLSHBaWWMwQXpjZENHOFBzdHI1RFpxbExvMlZGUmZ3MG54VHRYdEFmNEpMYUJrc2oxMXVpVEIwSDc5V1VfT19xMXgzeDE4WF9qd3ZkajRBeVhNcHkwamE1MVdyNXp2RW5SbF9lU25LZ25JcHlHZGxFaEx2ZnFzUFV6ZHNRSXlUbW1LMlAyVEJXeUdNZzA?hl=en-IN&gl=IN&ceid=IN%3Aen,"https://encrypted-tbn0.gstatic.com/faviconV2?url=https://theprint.in&client=NEWS_360&size=96&type=FAVICON&fallback_opts=TYPE,SIZE,URL"
environment & nature,Collective commitment required to address environment issues: VP,The Tribune India,https://news.google.com/read/CBMipwFBVV95cUxPSXFVb1NXZkhLaUtwaDRzczZjaG5ZVl9sOW5pMC1xNEh1dWZWZkdtUktvdGtSX3JTT1Zkc2hueFh1RnhmenN5SjdlNnNOTWhyYjhQZXVGV2VLVGVuZWZtb1pVMTVfY3ZBelJJMFpvb2d1V21hNXFuYmdDaE8wY0Q3NUtTa3FJcXJyOHNkWkxLdVlObGZ3cmhvdU1tVmZlYVdueVdOd2tGSdIBqwFBVV95cUxPbVoyTWctVmMwTFNyRC1UeGNfWGVWQWxLLWNoRHJsTVMyQUx5OWQwbVVmUUY3OGxWVFZ0bkVnVUZnekQtUXdscWUxQ0VRVHN0YjluQXRxZkpqVkM0ZmZEc0hnTzdnSllyVERlTU4tQjFyV1JHeXFERW9acDBGT1VWSC1udkstTWZueTRfNnBvRTAwMDNVLUx4N1QtNThaSE1WSE9XdXpZazVlYkk?hl=en-IN&gl=IN&ceid=IN%3Aen,https://news.google.com/api/attachments/CC8iK0NnNVdZbXBRTTJKVE9GVk9TbDlEVFJEQUF4aXNCU2dLTWdhSlFZU2tKQWs=-w200-h112-p-df-rw
environment & nature,This Eid let’s take pledge to protect our fragile environment,Greater Kashmir,https://news.google.com/read/CBMipwFBVV95cUxOTWhENkY5a01rNVlDY21jcU5nSVk4YXV3QXQ4RGJieWRQekZ0Y2I5UmM3TmUxNFZhRkxqU1JQaTYySWUyNU9NeEthYVdvV1lDSklyNkFXa01QUmpRT3NkYjJLTzZxZ3pnRkNrQWY3a3pZY0pWVHZPV1VLNWFDYXEtWmV1aGozVDNSa3E3eTF4VFR6X0tia01sejh3Nl9oc2xjVnFESzR2WdIBrAFBVV95cUxPeDRSbjVfQW12bDFCdnFqTjBZRjF6RXJ0bnJvZXUzRjdMVlFURmhFREUwRHpGdnVZaDVPN09pN3VuQm14NXZ6dkkyYUd3UmpyejNsUDZGWTBNNTNUVXRHOU9FdTZPTWpNSUtZTDBCYnlXcFJiWXY4VzNfWHV0VE41aktCZ211d0dwRlpEbFBnbnZ5NXhQajVNeG1SMjNIS0JacTBlV0MxYWc3Ylhz?hl=en-IN&gl=IN&ceid=IN%3Aen,https://news.google.com/api/attachments/CC8iK0NnNXhPRGR6WkZnMFNGTnJPWGs0VFJDVEF4ajRCU2dLTWdhcE5aVE5IUWs=-w200-h112-p-df-rw
environment & nature,Hindus Show The Highest Concern For Climate Change And Environment: A UK Research Report Reveals,Swarajya,https://news.google.com/read/CBMiwAFBVV95cUxQX0x6Z0dSQVQ2dmZOcTA2R2pCX3VkR0FlTnE1bzNiYVlCQUpGa256U3J1dzc0ald2Q040bE1xZzdlOE1YcDhqWmYzdFpMZEpOZzF5N2JDVzQxa1IyRU9oLV8zb0hmeTB1LWs4YWdCNUk5NTFRNTNCQ3VwZG94eXVCdW42LUtwcXREQTVYcGRsSnc1TjJINkg3WGJLbGJYdjBqakZGMm90SEpCVENvcnlaOFgtN0FMY1RnUzZ6UVplVmTSAdABQVVfeXFMTjdpVzFzQzhaVFQ0SlVmTWFZS2RMV1J2NEdSMW5rbG56M054bkRuemN2NDJtVU1mbTg2ZUhiMHpRaHM3S0N0TkJ0VGp0T2ZYeHQxNUg1anQ1S1N6VEZVWDF5YXhkSGRIaUNuTnpveXJTdzl2YXFHNWhoYVZwM2tKVGJTTlRnNFE2a3prQWphaEJqbElaWThjdlh1V0l6OEVzT3ZMNGdfVFhULVgxVWlDZUNVTTF5TFVPVU0xRC1laHlKSFRuY0dUc3hmOXlXVHRmaA?hl=en-IN&gl=IN&ceid=IN%3Aen,https://news.google.com/api/attachments/CC8iL0NnNWlZV3hxUWpWQmVHdHlTVTVNVFJERUF4aW1CU2dLTWdtWlk0Z3BxdVo3VUFF=-w200-h112-p-df-rw
comedy,'Pushing obscenity limits': Stand-up comedian Swati Sachdeva in soup for sexual joke involving mother,Deccan Herald,https://news.google.com/read/CBMi2AFBVV95cUxPendmZHVvSERFQUFURlA3eG0xQ19NTXd4RTJvNmsxX3N5NlVqMThPa2RIMjNpMGllaExPWXJfV3lFZlphTll0aVdaVVVfcFFGdHoxczN0ZXduaWxfeHVhMEVxWDFaQlJQYzFCdlpsZ1JKaHU3eTZ2bU5aQVdzOXowbm5ZbVg2LWwtTURkS3BXai1XMzlJN18tbUpDM3pHRHBmb3FSU1FnTjh3V2F5OUhUaTRkclNvd3RhQ3RueHhGbXVzdEpYRGpoNzByM2dfblltaGstdUU1aFc?hl=en-IN&gl=IN&ceid=IN%3Aen,https://news.google.com/api/attachments/CC8iI0NnNUhVMEZ1Y1VoVlNIRkVhbWwwVFJDakFSaTJBaWdCTWdB=-w64-h64-p-df-rw
comedy,Now stand-up comedian Swati Sachdeva called out for joke on mother: 'Shameless',Hindustan Times,https://news.google.com/read/CBMi2gFBVV95cUxQMGlKUDhYUTVVYTg0bnprWnhlZU5PcGxhdzFTdGwxa2M2QnNBeTgzTGswWUhXMFdnakZRSmp1bDRINml2LWc2dm5la0o3STA2aDMtVlhNWDJ3TXN0ekZqbXdtSUUtbjQ1ZUhCQlNqY3dSNHo0cVJObnpiT2tZeFZoYkZDdmNSVWdrb09iN2J6dTZOSjQtckxwTG80WXFBWUdvMm9MWlVYM2VOb09QT2dkQkdSQ3FtZUlnTlRleFUxcWNXYzZqSThuN1dZdGVKOGlLRzNXeU0tSEFjUdIB3wFBVV95cUxOcXJRZ3BZNUN3d21pbWNzRlJqY1Z2RHMyaTFQVmgzNFBBNU9lV3g5T0EwQTllbGNxTllLcTlMdkNxbHlfcGZkNzZwemtvempxYURGSWFPeUVCaWJHTG5DQ2syWnZNcHJlYnpfZmwzTXBMd1BFc1hITkYyalp0WTFDZzA5UXFrVk9pdERjM2cxYzlISldiekFwZDBrak5wWDFHbWdaQTRGZVZ1NFNVYW1MT0Rrc0FZb0VmbnY2UGN1dXBLTHAyS3g4RzQ1YzZPNnVqVV9IdWNWX3NyV3YyUE9v?hl=en-IN&gl=IN&ceid=IN%3Aen,https://news.google.com/api/attachments/CC8iL0NnNXhZV1psVkc1MlZsTnpRa2hmVFJDZkF4ampCU2dLTWdtUlVwWVRKYWlwQ1FJ=-w64-h64-p-df-rw
comedy,"After Ranveer Allahbadia, comedian Swati Sachdeva faces backlash for vulgar joke",India Today,https://news.google.com/read/CBMi9AFBVV95cUxQU3NBWVF0TEVYU0JraFJEeUhyVkJwNElRVllZcVItMmVoQTl6MUdscS1uczRsSlN5ejljS2FnMXMxTFpOUnBFb1h3T3ZCOE9Ua19rT3VrQngtMjJyMFNVa1FqUHlYeFMxZFpFeDdrX1JCS195YjZTOS1kZDgybG1KRzdFUjJ6Z3g3a0YySjhqZ014aWNPRFUyd21SN2x4b3JDZXRXSnBBNml0dlZLd3c4WUJHWUxPUmNNeEZIZEhacHpJY2FyNnVNa3hMY0hRdVFWYURRNEljRWFXeExHVTRYMmY2NE10YUJlNmFERF9RZUV5dmhk0gH6AUFVX3lxTFBldkhkU1BPay12bmhNd3pnX0Q3VFNMcmVHSUp5NXJsYVhQYnhMc3JVRzNvc2RGR3AybXg4Nl9kdVhCWVhSazY2WmptaG9vVFQ2NlVLcUgtellUYjNSNkdMc1ZfR3BlSnJSdTRGNVNtckxLMTNjV1ZVM0F4dllTcURsQlVUUFVBSXVuM3hhZzRxR2FRZ0JELTJvcXMyRW1GZkFseEp6TTRkeTU1UEJyR24yelRZTjdGVExpX2RKcWVPb0NCdEtGbF9QOExmWGZoMWNwRWZUXzZybHEwV0dNMjdMZl83YW16REFBbWRDVzZPbHRWUEtZTGFOOEE?hl=en-IN&gl=IN&ceid=IN%3Aen,https://news.google.com/api/attachments/CC8iK0NnNUxiMDEwVmpSSmNXVlhTRGx1VFJDZkF4ampCU2dLTWdhcEpKak5IUWs=-w64-h64-p-df-rw
comedy,The Tragedy of Comedy,The Wire,https://news.google.com/read/CBMiakFVX3lxTFBKVERvdlc1UkVXN05OSThwaXhweThFWXFaUnJKX2Z3WFNoMlZVSE5BUVNVX3FOOTM1QnF4Z1VRRXFCUGlIaVJhZ2NuQm1qbVVzR0IzbjFsenBQWlRXcEZIdml5V3pMUnR2T0HSAW9BVV95cUxNTzFhNkpaT2hOVnV3dzBZMTZoeEk1VC1lMnBMQ1owYUFDMHBkTTVuOVFicWtUUzdQbXV1TXNHenl2MDNYV3p1M0djZjAtR0RCYU1uN2RQUXpWakJacFJGUmlwWXVBdmszNUFUcldmZTQ?hl=en-IN&gl=IN&ceid=IN%3Aen,https://news.google.com/api/attachments/CC8iK0NnNUlNSEl5VEV4MVNWUklRV1p1VFJDSEF4aVBCaWdLTWdZVklwSm9rZ28=-w64-h64-p-df-rw
comedy,"Despite Kunal Kamra row, business as usual for artists and organisers ahead of Pune Comedy Festival",The Indian Express,https://news.google.com/read/CBMixwFBVV95cUxQRzVYdjNlR1V4cTFlN2NCMF9iOXlRZ1NmeXFzWkljbnpUck5XaWgtNlVUSmRJUDRZMm1lS0UzNkFhTzZFSEYxMlJ6QzlZZENiUWNLOWxicnJ5SHFRQmZuRWs4aklIcmtJN2gtNEhiM3ltSEZZMTVKVXZCNmdXVHNOVDdnVkE3eHBVYlZ4eHRKT3NzeHVhM3F3WEZUU2dpcTB4Nld1RGwtN1ZoVkJnQU9CVnM2cGJ6SFpmVVFkRDNnTHNsTWxXbFBj0gHOAUFVX3lxTFA4aFZ1a0dncmZ5Uy1wOUxRaHdobTNxNW5MM0lqdjV1RmE0aFpUZVdPQko4dWhtVmZjWDZEV21nYnFGLVdJcm9VWWtYT3hUN2o1V0oxbzRJWVRIX3NZdHZMdnZEZzE4eXVFZVFOS3N5dUNhOFptZHdfX2NPbTV3YmxfVzhmVTNyLTU2aGpQdmFHR0UxdDVaNHFtUmRYckFua2VKY0ludWNIZFJuZ3AxcVNkS0pQX29hRlZ5V1pQb1RDUmoxMzM2YW5lVlk1THR3?hl=en-IN&gl=IN&ceid=IN%3Aen,https://news.google.com/api/attachments/CC8iI0NnNVJaWFk0Umtrd1ZrZE1ZM0JZVFJDZkF4ampCU2dLTWdB=-w64-h64-p-df-rw
comedy,Kunal Kamra: Take it with a pinch of salt!,The New Indian Express,https://news.google.com/read/CBMipgFBVV95cUxPamZaUDZsTFJ0M09kTDE2SkU4WDBEbTZId0ZvWjVvdzhyc1oxRG5WN2ROSlBWRjB4c0V3OE5tSHVqanlKN21Dc003NDJWOGJYSW5jUjJPbXRPSzI5NEJ0aGpnQkhYTHRtN21qMjVEd1FjREpmMHBXQWRWSkZhVktQZ0NRR2R4VGR6YklIc1BrR09QbmtlekVURFNlNldlT2kxNFFzV3BR0gGzAUFVX3lxTFBtOEdUVjhsbnVDaVRhRDc2NXY0YXV6dTVBZXZXYWk2c0hlYTJkQzhYcjQ0TW8yMUtCT3lrdWlvb2I4RkxPd2FZWjR6aVV4c3NKak1SS0dBOGhNWFptS1I0ZFJhSHZDNGRDa0k0Sl82REwxY2JDYWtXX3ZWMlJCYU5neWxCUGZvQU54cktGQkZIVjItVTdWSkdfUFRpYjdqdXNacGQwTUVWV25mTm00MzN5d0xz?hl=en-IN&gl=IN&ceid=IN%3Aen,https://news.google.com/api/attachments/CC8iK0NnNWxOV1ExYkc5VVVFcEZVMnBwVFJDZkF4ampCU2dLTWdhbE5vSU1vZ2c=-w64-h64-p-df-rw
comedy,Threats to comedy can’t be laughed away,Deccan Herald,https://news.google.com/read/CBMiigFBVV95cUxOcy1TUXZYSkEzRHROVW03YnBmZzJGdjdESmx1ZVFqbW93bWtadl96Vy1YTUUzQ2pyTUw5MFJRMHdPYlhZaElQN2RFWkVaRmRBcW5HM2p6UllRME9QTjRXTUNEY3AxOG55OXNxR1RDUTlHUmlKQ21YZ1U1dV85Wlp5X2JuZW03d0VUZXc?hl=en-IN&gl=IN&ceid=IN%3Aen,https://news.google.com/api/attachments/CC8iK0NnNXBiMlpZTUZBdE1sOVFlR1pJVFJDZkF4ampCU2dLTWdZSmdwRDByQVk=-w200-h112-p-df-rw
comedy,Funny girls — four women changing Pakistan’s male-dominated comedy scene,Dawn,https://news.google.com/read/CBMiTEFVX3lxTE1aeWhwdEIwWldiSmdOR0YtdVVQRHhCamdHMlA1Q2xIVjNSMGVBc3hSTnh5RkVaTWNPX2VQNl9ObTE2R0l2dV8yQTN2MlA?hl=en-IN&gl=IN&ceid=IN%3Aen,https://news.google.com/api/attachments/CC8iK0NnNDBNVzQ0WmkwdGJGaE5kWFJUVFJDZkF4ampCU2dLTWdZQlVKQkN1QVk=-w200-h112-p-df-rw
comedy,'Andaz Apna Apna': Aamir-Salman's comedy to re-release on this date,NewsBytes,https://news.google.com/read/CBMirwFBVV95cUxQbjhfQm5oOXJwSHctei1CdEFiWWNrV1hfX1V6ajg3TXJjbThQdmRCVFNTT0VwWWNYc1ZBU0p6YkMzQTFUejBmeURPNlZXcXFVVzlaQ1dNU2pEOVlNd215a3k5UUg2dDVHM2pkc2dCMDk4eDBUQ09xQ2VLdE1mcjYzMEMzVExvYnNmbGtCcDQwMkQtaURsUDZDTVlRZjlrLTVVQmw1TUcwY0k4Z3FHMjkw?hl=en-IN&gl=IN&ceid=IN%3Aen,https://news.google.com/api/attachments/CC8iK0NnNWpjVEZoZFhWUFQyMURaRk4yVFJDZkF4ampCU2dLTWdZZEpKNXFHUW8=-w200-h112-p-df-rw
comedy,Comedy film 'MAD Square' crosses $1 million at US box office,TOI Etimes,https://news.google.com/read/CBMi5wFBVV95cUxOdXNicUo3VEVzUjZNeXlJWXYyY1B3YmoxLW9CWjZZUVBTRjI1blE2RFZDemtLOE8tV1hXX2ZWa2wzSmt6RWtFSGhiRzZNSm5NbVBPZndSRElONEFHa3pIZGl1RGRCcDdJZ1lWbHpmcXFzOTVfVU1wSy0zbU1zTkthbDFkenZ5cC1fQ3VDdlFabVNPUFFGakhNcnlBSUR5TlZZcHI3ZjNqME5BSEV3RXpQWmZxaDZVTlJVenhLMVUwZmVEbXlTTS1iTUVabXR5dURwLW5uNnJTOUZPZC1QX055am10aXl5bVU?hl=en-IN&gl=IN&ceid=IN%3Aen,https://news.google.com/api/attachments/CC8iL0NnNTNhR0p5VjNkeGVXbzBZWFJsVFJEaEFSaVFBeWdLTWdrQlFKanBHU29lYUFJ=-w200-h112-p-df-rw
sports & entertainment,DDA to make multi-sports complex in Rohini Sector 34,The Times of India,https://news.google.com/read/CBMivwFBVV95cUxQakNIdkVreHlLWmVnak9kWmpDcGROcHBLTlBNcnU5ZktpcnpOd0NtekFJNWNHVmgydE5GN0ZGUVJlcXN4Z3h6bkZJRlJtREJGRy1uNFVmUGlpanktSlZDd0Z2czZUT1RPMkJ2dTNBN2JrV1haQWZQVmRRZ0RnOEg4VGNKZFJXZVBITWxaNl9nNVk0enZTYVlOdktRdUpTNUNoYlU0emcyQlhpanhsdGJmUG1fNUh6bFczQlUxMW9zVdIBxAFBVV95cUxNOGFKNTdDYklraWMyRTVYbGZzSkk1SzBnSi1KNmRYbUhJenJUZnFPN3pJWE1kRkFZaHJYYU05RkcyUHFYeVRHajdva0hQX2t3c3BRWmVkcTViX3AtWGIyTEotb2VlRFBreDNRcHlZaWNoRzlvRWhoVGFhY3k0dFpnVnJleFAwWW9LYmlPd3pDZElmeWVLVGFnVEtETlJfNzRBQUowMGwwSUhaTGM5UWk4SjZCVVZ0Wk0tRUJDNW95ZzBYbmdl?hl=en-IN&gl=IN&ceid=IN%3Aen,https://news.google.com/api/attachments/CC8iJ0NnNTFkMmhVUlVKcVIySXlTMlYyVFJDZkF4ampCU2dLTWdNQmdBWQ=-w200-h112-p-df-rw
sports & entertainment,"Indian Sports LIVE, March 31: News, scores, results, updates",ESPN India,https://news.google.com/read/CBMiogFBVV95cUxNdDR6bjdyWWEwaEl3MmFubGVKNjlBLUkta1NjeExMRm1zZlRGQTNiZHNDYktqcWZ2cmx4MUVaRTFybmJfOWRxclY5aXg0eFozVkw0RDhZSHhwc2VHelVRUXJnQkpFUzZrY2JkTWdrQUEwWVo2eGwxRFJQcUVDN2g3NlpmQXZtUTJ5MDJNSWtpNXlrMlE2R0QtQWlpVU8tbFhBbGc?hl=en-IN&gl=IN&ceid=IN%3Aen,https://news.google.com/api/attachments/CC8iK0NnNWZaREozWVZwNlZtRjVTemRSVFJDb0FSaXNBaWdCTWdZTmRZaklOUVU=-w200-h112-p-df-rw
sports & entertainment,St. Joseph University annual sports meet concludes,Nagaland Post,https://news.google.com/read/CBMinAFBVV95cUxOSnk1S05uWkVkOGZHcDlMSUJTZjJ1Ty1YSHdYX2RtZndjUm9rUHQ3VjA2RUx0MmlXQVZWdWtTdGZMemJjYjBucm1fNjZncldwMUJVUkprSVFKVXFUUHFCOE5LNGptVzBjTXZ4N3o0UVQ3eF9EUTlGTHJINzZ5VlJzRVRQQmRxTDVuWFFqeC1BNjg4aUFBVlhUYUNkMnc?hl=en-IN&gl=IN&ceid=IN%3Aen,https://news.google.com/api/attachments/CC8iK0NnNXhTSEl3U0U5MFpYVkdNRTlhVFJDZkF4amlCU2dLTWdZQmdKWVJOUWc=-w200-h112-p-df-rw
sports & entertainment,Rajasthan Royals vs Chennai Super Kings | IPL highlights,Sky Sports,https://news.google.com/read/CBMirgFBVV95cUxNSHVxcE5oQWFJTkVZMld0RG16NjAyOTVrdGMzcy0tNWUxTDZ2YzBUcFNtQzdiSUJGeW1GVmdlZzYxVmJwQTNnNnRyaVNtdHpGdGZrTjRPeXktOGM1RWNsalpIMVJQZGM3Q3htLWhyenE1RnVZQWtlTzEwUWJLM0xKTGtWb2FaRnFCOEdXRFh5NlpnMjg1a01GMkhKSzI4NW8yeG5ubEhuSzBlUFUyZHc?hl=en-IN&gl=IN&ceid=IN%3Aen,https://news.google.com/api/attachments/CC8iL0NnNWxVek5NWlY5a04zcEljVWxXVFJEZ0F4aUFCU2dLTWdrRlFJemxHU29IWmdJ=-w200-h112-p-df-rw
sports & entertainment,Sports marketing is a long-term investment: Fuse India's Jigar Rambhia,afaqs!,https://news.google.com/read/CBMirgFBVV95cUxPQ1R5Vk4xQ04yQVkxZDF4OGF5RFFjUTJpUnphM2dTOVd4bHhLUnE0TnBSWmNvUHFJYmdxT1hxSnNiaklFejdwdVVtUmZNNU40azFTVXJadURDLXJaUmtydklvTklabHhRbml0ZFl2U1l0b1hhcG1QYUNlVmRpQm80THM3anNZNEhlMFpmMEpsZWl2TDJYSEduOEttbzY0R3NlWHBqVHVNc3MxckNlTkE?hl=en-IN&gl=IN&ceid=IN%3Aen,https://news.google.com/api/attachments/CC8iK0NnNUxMV1pYZDJKZk1IWTFiamhUVFJEb0FoaUFCU2dLTWdhVlE1Sm9IZ2s=-w200-h112-p-df-rw
sports & entertainment,"JetSynthesys to take e-sports global, starting with Middle East entry",Business Standard,https://news.google.com/read/CBMi0wFBVV95cUxNTlZwTFN3UzhCNVg4Tl85cFZaSTdlSU1RZHR6djUtQTRFOXVKUnZ0eF9NeFJNM1BGYjFiQXNZN09JdG9UY0k0YWtOaGJfcWszOF9semVWbnR3YzhLaFhIT1ZZM2tJR0ZENXRaR3lNcEFiZ3h3ZnBaajZNNjlfUGR2eHlRUFpjMnV6SnU1Qm9OVE9jbDVQWVU5MFd5UmVUcVNkak51RlU3WVBzaHl0aTMyaGEtRXdfVFQyeWhOZDhXR25ZUElnMmFLVGlTZkJ6aDdMLXU00gHYAUFVX3lxTE5lUXUxRzNrZ25XZUQ0RW5Od0pBVHI2MmI2MnVCNG84eWdiN2YyNkMwWS0xNHlDeF8xZUtPYnpyRTdQQ2RrNUttYzk1M2VpUzVLeHI4Zi1Dam1KRXk3MEdwNzd4MkJLZmNDOERBVHd5Ym1RQm1jY0xRcnI4Qnlta0czbFJIcm5xMlJQMktxM3FHbC0xV3BWcnAwd1JZYWJyRnVMMVhQbmllLXI1UTNHY3hCRFFtVDVpZmNheGpURnFQTUtKX1hEUmdDNkVnc2RWMVJoRWJvRDRaRg?hl=en-IN&gl=IN&ceid=IN%3Aen,https://news.google.com/api/attachments/CC8iK0NnNUlMVTlDV2tGQ2FXaG5ZMW8wVFJEUUFoaVNCeWdLTWdZQm9KTG52QVk=-w200-h112-p-df-rw
sports & entertainment,"Kerala schools to allocate last period for sports, focus on student wellness",Mathrubhumi English,https://news.google.com/read/CBMisAFBVV95cUxPM21XVkUweldWbVFlVHJvcmhEeXN0X2hXaEpyOTZ5V2FFWUJsekNjUkhTRndMMGVRc0l0SEp6ZTRLeUY2aTg4am9mNWRHdS02cU5DLUVLNG5ISFhRMkd2OWgwTURkU2tuMWxQX05yNWJvcXhlVGRtTTBPVjU0MkdoWjFWNzFxVlhjV252c29GVUwwcnBOTWVIT0U3bWxzQlc3bXdwNVY1VHFlNVVNUExQUNIBtgFBVV95cUxOb1VrRThPQzlmSGdya2xhOFhHYVoxVXdaLWdSaVpxdXZXZzFERTBwbk1BcFp6cDJCYlZlZWJEaWQ0Zmw5SFp3S3VwVFdmUGZFaHlUOTVuUXJoUGFDNXNjSWpsN2dEQk9NbG92UDVscVROQ1VrRHNEM2JiMGF2Q0hMYkZKaFRwSi0yOVpDSTZzZFhHN0dWQWlqby00VWxGN0hzTDFhWTM3RGQxSzk0bFpNNDgyeENMQQ?hl=en-IN&gl=IN&ceid=IN%3Aen,https://news.google.com/api/attachments/CC8iK0NnNDJOVzVDZGs5eE56UnFPR3B2VFJDcUJCaXFCQ2dLTWdZQlVKYnJwQWM=-w200-h112-p-df-rw
sports & entertainment,Xinhua sports topshot,Xinhua,https://news.google.com/read/CBMifEFVX3lxTE9YLTJoVE80RE5JSTgtb29fZ3pMRUFUNVpoWWt5OWk1Q040TnB1ME0yS0g4XzRfWGUwNFd0ckJlSlBLMVBCd0lCUWtUUU1fNm1GYzE3YXlLV0RzWWFpSFhyY3c0ekVBY2N6ZFBUTDhDQVZvMVdiTGlPTUNXdzk?hl=en-IN&gl=IN&ceid=IN%3Aen,https://news.google.com/api/attachments/CC8iK0NnNUlTekV0Um1ZMmVsaE9ja0l3VFJEaEFSamhBU2dCTWdZWk00SnJIUWc=-w200-h112-p-df-rw
sports & entertainment,"IPL 2025, MI vs KKR: Mumbai Indians eye first win after shaky start – Check Wankhede pitch report, probable XIs and more",The Financial Express,https://news.google.com/read/CBMi9wFBVV95cUxNZVdDbHcyMGZrQ25uam1MNGQ2eGNuYWVrQWhSZkRTWktLWFN3R2hpcXgxLWlaQi1iQVRDNWxjX2lxZVpJeHo3dWZQYWtmeEhWSTJSRzlRTVRZV0lGaUhvZXBJWUIydElxcTJHQzZTSkZHdnplRHU2aUFCamtnM04ySi1mRkNXdFpldTdGUUFYb1lpd3JVZGo5ekI1Qk9RTTZmS2MtMGkxTG9SUU5aMEliTFppbzJ2TWpfY0lHQk5KdkoyOVRwcHgwWmd2cjZUblBJWU5OazJaYlZxRlVXRWZvMTRWVHdxckpnT0wxaFNyY1d2SGhJWHpr?hl=en-IN&gl=IN&ceid=IN%3Aen,https://news.google.com/api/attachments/CC8iI0NnNTRMVXQyWVdZM09UazFXbWMwVFJEM0FSaTRBeWdLTWdB=-w200-h112-p-df-rw
sports & entertainment,Bhopal gets into shape as sports hub with state-of-the-art complex,The Times of India,https://news.google.com/read/CBMi1wFBVV95cUxOT0hPRlZacHJ2c1BhR0FCUjNidVF4M2p0RVlPTFdCS05URTFRaDFLalRwb1ZJV2RGVVFKNHE4ZnkwOTBJb1RiNmdEWXBOVHd0cjY4bktTN1RjMzc2TWk0Y3RIMVB5RUZNd19hUm1XYVA1M25pcW8wVmx5blFuMVVIMlNOeUZ6dll3WnNJRW9KUjVWRnlvQVZ2aGFtT2FORnlDbDFKcnlUUW9CTi1rb3M2UjZLbEJBWVFUU3BiSExka2FrQlpxY09GbDF4SDFxaXlBT203ZEtiQdIB3AFBVV95cUxNRGdBMzQweGRSdUxzcFhITHlURmsyVmNCSTN0Q1BHXzYwUERQNUhKM2dobnhibERHYWwxLWxkaEwtZlRsbFFiUzBMaGV5Q2RZU2N2ZE1scWI0eXNxS1FmeFh2UmRGUzJLQnJndlVoTHpQV0UwczBBdmNXMkZSRUZTSkNIRXFoZDloT29pSU9wSWctZ0ZFMUpqVE95aG5FMUoyU1hENGRrWmNfZUZPQXRQVWstbDNyMWdSLTBCdlJGRGJrTjBvMUlUal9BWUMzdW9IaXVSUWhYWlJqNm1O?hl=en-IN&gl=IN&ceid=IN%3Aen,https://news.google.com/api/attachments/CC8iK0NnNU5TRkU1TmpZdGJsSXdOMnRrVFJDZkF4ampCU2dLTWdhaFZJcXRKUVE=-w200-h112-p-df-rw
education & career,5 new ways we’re helping students and young people learn and grow using AI,The Keyword,https://news.google.com/read/CBMifEFVX3lxTE9FTmhJTUpiXy1sRWUwcEM5cE96bl9sWnVIX3YwaHVfMEZoRlZyQ2g5OF9INk01LXNKbWJyMGRnV3gybVk1dDZfU1N1azZNWEt6ZHRrSDJQaWprVW43cnA2bjd0bzZXUEluQkJfX0Zqa05ZbDZCYUF4aUxqWXo?hl=en-IN&gl=IN&ceid=IN%3Aen,https://news.google.com/api/attachments/CC8iLkNnNVRjVXg2TWpnNVZHZFNWREpRVFJCd0dNZ0JLQW95Q1lFQmlOQUlMSHZ6QUE=-w200-h112-p-df-rw
education & career,The ‘3Cs’ that haunt Indian education today,The Hindu,https://news.google.com/read/CBMioAFBVV95cUxObXBNcTJ3NWU1MWM5TEIzRi1mWHNYREl4M0xQcnN3Nk1jd1h1dXp1YkNOMy1wbTVmZDgyTGhpcDJXNEZfcGhfY1JpOFcwRWJrMUppd1VzN1JiNzZaVE5DY3ZTQWRzRHlLUFFRYU9tdHFzUlV0eUk5N2hsNDF5Z3JPT0ZnTTRjXzQxZXZ4TTllcmpzYklRcTBHY29KU3NTSC1Q0gGnAUFVX3lxTE8yREFHeW5KYUNJS3dwdVlYTmY3VURzY0JQb0lobzMzYnVQM3BhN09KTHducE0yeEdSdHNxdm9oM2E1X2FaclBkcXR0SUo1QlZPRFd4Tm8yV25hckxiTk5DNUViYUNYTmVBcFVYalVYR2dja1lncjk3aEtXTTVlVkVlVHBTd2lCYjhUcThhdkFRR1VEdVpmbHlBWUVHWWFTYXdiT0QweDI0?hl=en-IN&gl=IN&ceid=IN%3Aen,https://news.google.com/api/attachments/CC8iJ0NnNTZiR1pCUmtsaE5HVmhibmRWVFJDZkF4ampCU2dLTWdPTkF3WQ=-w200-h112-p-df-rw
education & career,'Three Cs haunt Indian education': Sonia Gandhi slams Centre over NEP,The Times of India,https://news.google.com/read/CBMizwFBVV95cUxOMUlQWFloUDZZNU5tdHowU0c1VzRUSXR0UHVEMzIwOVkzVzc3aW80SHZ5WU5NM2lWRGctb1hsZEFOOUMwOHQzY1lWcUVEU2pnZFNQdkhuMVVfRGJOb18zYjlsVjU4cWF3WnNSdHVvRldidmJqcS1Ld0Q2U3R6Z2RzS2ZUT3RIOE1kT1c2dFZjT0thUmVTbHFQZ1VJeHdNdkZ2R0Rxa0dsR2VjeWVQSC1fTEFTT1VsVE54UE1UTm43UXdPTjg0TlZDU1lwZjM3Z0k?hl=en-IN&gl=IN&ceid=IN%3Aen,https://news.google.com/api/attachments/CC8iK0NnNU9SVE5mU0RSRlN5MVZTM2xIVFJEaEFSaVFBeWdLTWdZbGRvYnN0UVU=-w200-h112-p-df-rw
education & career,"Punjab govt's new initiative to make early education more effective, strengthen parent-child bond",Hindustan Times,https://news.google.com/read/CBMi9gFBVV95cUxQVl9hTzlJaFJ2VXFYaWh2VFZscHlRR2hKV0RxT0l5V3l6MV9LNGpiMUVtLUNqUnNNVFppQVFxS3NoY1M4UjNlVFM0R1k4TUtUN0M1cEVOUE4yWFpVbFRMY0hfUUtabW9RcjdxMlJqYWloWmdhTEZSdmlOQjQ5QndHUWMwSHJ3blk1ZFFFaHJKUXNiRGhfQzZSSzV0ZlNCdW50c2pzV0QzNEhqdkdfS2Fpc3pMdnNaYWlQemV4ak9VWUdHRlNha09SWlp4N0Z1MHlFUXpDSWktR2V0cGtzejBWVDk3ZEkzdGZpMVZ2Z1JCRUUwWGdGMXfSAfsBQVVfeXFMT0syRlBELXhYRU9KWWREME9nZ0U1clJyT0xfbHBWaVk4ajVDOWQ3cUpURXVka3N5SGg3elFFNWh2aFJSdDAxNFp4VUQzMTFoaS1GWEFCVXJHUlA2RnRDWEhJc1hUcjNMT3c5WGcxdngxeGRvcnhFVUt3TGdCTVRkMjNzX3FldG11TGRKTWdwN2Y0ckRneXZzYUhoazkxd2huVld3eTI5MU9nM2p6MjA5dHpoWnByLUpnWDhLY2xXQXQ2bEZSdjBVbUZyRzAtVmlIY184aGFUOHdHTXhzcUwwdlJILXF6alFXSzRDc0NCVU1lRGVTaGdvNlY3VHM?hl=en-IN&gl=IN&ceid=IN%3Aen,https://news.google.com/api/attachments/CC8iK0NnNXZPVzUzYTB4dWNXOVBRa3hSVFJDZkF4ampCU2dLTWdZQllJWnV1UU0=-w200-h112-p-df-rw
education & career,Sonia Gandhi slams New Education Policy: Three C's haunt education system - India Today,India Today,https://news.google.com/read/CBMixwFBVV95cUxNRFREb0JmNjB3RWNZOV9OSWhwdDdYX0ExNlJNTlpIZjJJeWEzMWRHUHBlWjJSQm5qUnVxUl9aNXlqb0FmeWdSaHhWUHlEazBrRkNhV3kwMEZFem9jTUVoRnhmQXRHa3I4UXBtVVhfaW5xRDY5TjVJeERfQ0tiUmsyYmk0QnA5bXQtRXFTeWdPT0w3SGN1a3FWbUc5Y2hESGFNcGcyeGZoMzVZdlU0UHVnelNjMlg1Tll2VTZJMHFiS3pyUzdyOXdF0gHMAUFVX3lxTE1sOUJWbDltaFhOOHV2WjEza1lDR1pLSVRwS3VldjJsMWVtMEo3c2JRQ3FibE5lWDNJZlM1U19TbzZIYXIyeTd4VC1ERjY3WjFRRkctV1VLR1RiVVhVRERpY0ZDTEM0OTV4anhVUDRzNlBPSFA0TTFPMmg3ZmY4OUtZOEo4ZV9USU5UR3c1Y3RxZ1VzOUltZG1FMklPQWNwbFhydlJhNzJ6VnBxU0xTeTFtTUc0X0VPWnUyR041ZU9Ta1R2YWxqd08xOS1aRA?hl=en-IN&gl=IN&ceid=IN%3Aen,https://news.google.com/api/attachments/CC8iL0NnNDFZMDVWVEVsTE9GSjFRakJ6VFJDZkF4ampCU2dLTWdtQkFaTFZ0R2F3cmdF=-w200-h112-p-df-rw
education & career,"Financial Aid, Reforms, Infrastructure: How Are India's States Spending on Higher Education?",The Wire,https://news.google.com/read/CBMixAFBVV95cUxQTEFNVVg3Q3Fic1h6UVJtSGp2LUk4bC1yMFJaZ3RxRXVxNmdYV0d1a2M1MWJSTVhBUzlCOUs3LUJkLVRXWjhxdGNWLUkxbUhJNm5vcHJPbGc4ZnRSMXBkSUdxTksxUzhwbG9oRy1LZnhhNC13bVdOT0JsbjR5OW5OdXVmTF8tQldMeHRnSFk0UV9wSlI1Nno0cS1ndVRlejJSbWp0VWZ3Z0NXaC1BUFZDV1Y0ZnZNNzlVeVJPcm5GN21FNmNH0gHKAUFVX3lxTE55ZU1kNmRRSGJWUExRc0wxaFBaMHpRV21HUnFQdGJJcE9nenRVNWRGc2F1N2M2NU1TT2l1N0VMYjloWnlSMGFRcUs3aEtqZGg5VTBIX1ZRMTFZS0JJN0MyUmt3UVdWZTFLbV90Ylo0VExqdnluWU5lTWFrV2FpRHphUHJSZXpSSGdyczZuQ1hWZXFuNng2SThiWUllUjNxMzBTb2kwOEFKZWt5WUpKZi1GaGx4UmtHa3ZpamVQUXo2cUxsd05tODJHdHc?hl=en-IN&gl=IN&ceid=IN%3Aen,https://news.google.com/api/attachments/CC8iK0NnNXpOVTFCVTFKUVMyNHpSUzFaVFJEWkFoajRCaWdLTWdZcGRaVE5yUWM=-w200-h112-p-df-rw
education & career,'Carnage' of India's public education system must end: Sonia Gandhi,Deccan Herald,https://news.google.com/read/CBMiqgFBVV95cUxNSWR3Wk42QllQd3J0S0NRTzE1eF9SZzh0ZXZQVFlYN2tuUmFFMi1Jd0dNM00tdEwtWEJaaWt2Z1pVS2prSFJHZFpmSlNodWU2aGdoOE9yUDFBVkdPdXU3dGVzU05XNjNqSEd6enBtaXpxZXAzQXM5WDZfTUJpLTdScWt3YWM2SmFkUlQ3VXVHZW1fR0hDWE9HWnNEbnVXTkExdF9IMmRtazRvZw?hl=en-IN&gl=IN&ceid=IN%3Aen,https://news.google.com/api/attachments/CC8iK0NnNU1NSEJEUjJkSmNTMUJkVmRqVFJDZkF4ampCU2dLTWdhQkZaYnNuUWc=-w200-h112-p-df-rw
education & career,IIM Ahmedabad opens Dubai campus: Now Indian universities are going global,The Financial Express,https://news.google.com/read/CBMi0wFBVV95cUxNalhSX3JlY0F1R2F2X1NDTDVxdmRVNzFJeEpXaHViNWlkUzhjTk5HMm5hLVpGUm1ZMlJPWkdCWDlEaXM2VWRvV2w3cmVTLUJPZ1Z5TEpoZWFBVnlZZEtfZDlxbFNwc3RGUkIzbzR4UG1tM0ZzbzdPZEpsdUp6S2lSOG9BV19Jb3o3YTJHdGJhMGlpVF9YWHJCU1NsR2RxZ2JJYk01UXRwWmJjWE9tUG9uUllOTXJ2aEJFVDZncDdJb3JCSUJWanpWM19HLTFYdVd2ZWdZ?hl=en-IN&gl=IN&ceid=IN%3Aen,https://news.google.com/api/attachments/CC8iK0NnNWhaV1I1TlRsTlh6SmxiMUV4VFJEM0FSaTRBeWdLTWdZQjRJYnB5UVE=-w200-h112-p-df-rw
education & career,Purely secular education won’t work for India. It has an over-religiosity problem: Maulana Azad,ThePrint,https://news.google.com/read/CBMi3AFBVV95cUxOTEZ4bnA1NFRYZWFtdUlqZ240ZFZ3endRU09MV0t1UVdnQnVVaHRUR0YwYXpYdnNwN0pjS1FRWG5uM0xhVnJRczBwSGctUzVRM3piQUZHU2MtMnRtUVVxcU9WWlFiTFFhMkg2OUZfRm52R1VNSDFGb2xDQnhhc25CQXgwcDZOUVZmRTM2dkw5Slp5VFZ4V0NoT2pzUnZLMm5naVVjdXFNeHZEdWsxRXdfZC0ycFZZbTBPdnR6ZTJmZm9zdEI1TGFWYkx4S211SkdkN3QtNjIxSFJKQjZh0gH3AkFVX3lxTE4tNU1oWFVWQTB1R3d3MF9UaEs2LVVNbnhsLWFaelZkb1Q1NjhxeldLem52MmhXaUlpbDZqZXRrWm1tYng3dDByc1lCel9hX0F0VVk0NmF4UjRjR0ZZbF84bG0wVlIyZWs1enlPTWJDWElWNXcyazQwZmNiajcwNk1icXFWTkpPRk5BVmNhM0Z3WV84eEd1UmV5VzEtcEVUOE1zWGZrdHY5V2trY29ybEU2ZTUzdTVQSzlPeDlSaXY4UHZsbzF5Vkt4ZnZHTjJMamRMRHAtNjIzZzRwSGwzOGE2Q1pweTQxSG5qS0pPT3hoUlZ0T0lIcTNRU0FFZkx3VWd5MlpmSDBkeVk0YnVMLUFxMUZicGtqeTVGTzYyRHJ3S0ZsQ3oxc3Vsc0Fxb09CLXl4ZjloVEdYdndZaG83ajRVQUU1QVNiNW9iWFhLOFB4Z05JVVh1VGVEWUVxa2lWSVp1bC1WdWZyUG5GS0RsMmNYZXcwenNiVQ?hl=en-IN&gl=IN&ceid=IN%3Aen,https://news.google.com/api/attachments/CC8iK0NnNUhVSEZmVkRGeVJWRlFlVGhxVFJDZkF4ampCU2dLTWdZdGhZaXVQUVU=-w200-h112-p-df-rw
education & career,Punjab education department faces backlash over Schools of Eminence admissions,The Tribune India,https://news.google.com/read/CBMiswFBVV95cUxNb1luamx4c081MnRwNEM1dlRyTHdva2JVcFBTSHFOTWFRSkJBOFRERUI1U1RmT1dvWjk2TEIwQjdKUHMwQlZmb2k5eEVEeHhXVnVoSE1ZWUlLN24tdk1FQkkzUE9zaldkajN6djRsMktsWFFMdlJkb09QMmdYWlhyVE0tc0cwT3Q2eTRHWnlCQjJDeERmc3JERVBhR0dKMi1EbjR4Q1BrUDZucVJ6NkRYcXY5MNIBtwFBVV95cUxOTW0zd0VJWV95OHhfOGlYcWE4V0V2LUFQdkx5cE91anJHazN1VWY4RE9sQ1IzU0NwSTJXTHJEZ3Rya1dyVkFMam0ySEpKTUl6eXhpY0lnQTRuNzJrb2RVM1RHQUFNanEyZlhUYnRRNEJwVHZ2eEF2OFNzS0xoNjl1Z3lIRHktSDJPSTFkRDdzRTZSWHA2S2tPN2FGdHltTXlqekY5WVZ6TlZPd3MwR3BNYXpVT2hXUnc?hl=en-IN&gl=IN&ceid=IN%3Aen,https://news.google.com/api/attachments/CC8iK0NnNHhjWGg0U25ZMVgycEJhbFZmVFJEREF4aW9CU2dLTWdZTk1JeU55UVE=-w200-h112-p-df-rw
